<hybrisconfig xmlns:xsi='http://www.w3.org/2001/XMLSchema-instance' xsi:noNamespaceSchemaLocation='../bin/platform/resources/schemas/extensions.xsd'>
  <extensions>
    <path dir='${HYBRIS_BIN_DIR}' autoload='false' />
    <extension name='mcc' />
    <extension name='backoffice' />
    <extension name='commercesearchbackoffice' />
    <extension name='commerceservicesbackoffice' />
    <extension name='solrfacetsearchbackoffice' />
    <extension name='solrserver' />
    <extension name='asianpaintscockpits' />
    <extension name='asianpaintsinitialdata' />
    <extension name='asianpaintsfulfilmentprocess' />
    <extension name='asianpaintsstorefront' />
    <extension name='asianpaintscore' />
    <extension name='asianpaintsfacades' />
    <extension name='asianpaintstest' />
    <extension name='yaddon' />
    <extension name='ycommercewebservices' />
    <extension name='electronicsstore' />
    <extension name='apparelstore' />
    <extension name='captchaaddon' />
    <extension name='liveeditaddon' />
    <extension name='acceleratorwebservicesaddon' />
    
    
    <extension name='commerceservices' />
    
  </extensions>
</hybrisconfig>


