<?xml version="1.0" encoding="ISO-8859-1"?>
<!--
 [y] hybris Platform

 Copyright (c) 2000-2015 hybris AG
 All rights reserved.

 This software is the confidential and proprietary information of hybris
 ("Confidential Information"). You shall not disclose such Confidential
 Information and shall use it only in accordance with the terms of the
 license agreement you entered into with hybris.
-->

<items xmlns:xsi="http://www.w3.org/2001/XMLSchema-instance" xsi:noNamespaceSchemaLocation="items.xsd">

	<collectiontypes>
		<collectiontype code="GenderList" elementtype="Gender" autocreate="true" generate="true" type="list"/>
		<collectiontype code="SwatchColorSet" elementtype="SwatchColorEnum" autocreate="true" generate="true"
		                type="set"/>
		<collectiontype code="ProductAddons" elementtype="java.lang.String" autocreate="true" generate="false" type="list"/>
		<collectiontype code="CartEntryAddonsList" elementtype="java.lang.String" autocreate="true" generate="false" type="list"/>
		<collectiontype code="OrderEntryAddonsList" elementtype="java.lang.String" autocreate="true" generate="false" type="list"/>
		<collectiontype code="selectedAddonsList" elementtype="java.lang.String" autocreate="true" generate="false" type="list"/>
		
	</collectiontypes>


	<enumtypes>
		<enumtype generate="true" code="SwatchColorEnum" autocreate="true" dynamic="true">
			<value code="BLACK"/>
			<value code="BLUE"/>
			<value code="BROWN"/>
			<value code="GREEN"/>
			<value code="GREY"/>
			<value code="ORANGE"/>
			<value code="PINK"/>
			<value code="PURPLE"/>
			<value code="RED"/>
			<value code="SILVER"/>
			<value code="WHITE"/>
			<value code="YELLOW"/>
		</enumtype>
	</enumtypes>

	<itemtypes>

		<!-- Add your item definitions here -->


		<!-- TypeGroups are for structure of this file only -->

		<typegroup name="Apparel">
			<itemtype code="ApparelProduct" extends="Product"
			          autocreate="true" generate="true"
			          jaloclass="com.asianpaints.core.jalo.ApparelProduct">
				<description>Base apparel product extension that contains additional attributes.</description>
				<attributes>
					<attribute qualifier="genders" type="GenderList">
						<description>List of genders that the ApparelProduct is designed for</description>
						<modifiers/>
						<persistence type="property"/>
					</attribute>
				</attributes>
			</itemtype>

			<itemtype code="ApparelStyleVariantProduct" extends="VariantProduct"
			          autocreate="true" generate="true"
			          jaloclass="com.asianpaints.core.jalo.ApparelStyleVariantProduct">
				<description>Apparel style variant type that contains additional attribute describing variant style.
				</description>
				<attributes>
					<attribute qualifier="style" type="localized:java.lang.String"
					           metatype="VariantAttributeDescriptor">
						<description>Color/Pattern of the product.</description>
						<modifiers/>
						<persistence type="property"/>
					</attribute>

					<attribute qualifier="swatchColors" type="SwatchColorSet">
						<description>A normalized color mapping to a standardized front-end navigable name.
						</description>
						<modifiers/>
						<persistence type="property"/>
					</attribute>
				</attributes>

			</itemtype>

			<itemtype code="ApparelSizeVariantProduct" extends="ApparelStyleVariantProduct"
			          autocreate="true" generate="true"
			          jaloclass="com.asianpaints.core.jalo.ApparelSizeVariantProduct">
				<description>Apparel size variant type that contains additional attribute describing variant size.
				</description>
				<attributes>
					<attribute qualifier="size" type="localized:java.lang.String"
					           metatype="VariantAttributeDescriptor">
						<description>Size of the product.</description>
						<modifiers/>
						<persistence type="property"/>
					</attribute>
				</attributes>
			</itemtype>
		</typegroup>
		
		<!--Added Start  -->
	<typegroup name="Asianpaints">

	<itemtype code="AsianpaintsStyleVariantProduct" extends="VariantProduct"
		autocreate="true" generate="true"
		jaloclass="com.asianpaints.core.jalo.AsianpaintsStyleVariantProduct">
		<description>Apparel style variant type that contains additional attribute describing variant style.
				</description>
		<attributes>
			<attribute qualifier="style" type="localized:java.lang.String"
				metatype="VariantAttributeDescriptor">
				<description>Color/Pattern of the product.</description>
				<modifiers />
				<persistence type="property" />
			</attribute>

			<attribute qualifier="swatchColors" type="SwatchColorSet">
				<description>A normalized color mapping to a standardized front-end navigable name.
						</description>
				<modifiers />
				<persistence type="property" />
			</attribute>
		</attributes>

	</itemtype>

	<itemtype code="AsianpaintsSizeVariantProduct" extends="AsianpaintsStyleVariantProduct"
		autocreate="true" generate="true"
		jaloclass="com.asianpaints.core.jalo.AsianpaintsSizeVariantProduct">
		<description>Apparel size variant type that contains additional attribute describing variant size.
				</description>
		<attributes>
			<attribute qualifier="size" type="localized:java.lang.String"
				metatype="VariantAttributeDescriptor">
				<description>Size of the product.</description>
				<modifiers />
				<persistence type="property" />
			</attribute>
			<attribute qualifier="asianpaintsAddons" type="ProductAddons">
				<description>Extra material to your product</description>
				<modifiers />
				<persistence type="property" />
			</attribute>
		</attributes>
	</itemtype>

	<!-- <itemtype code="CartEntry"
                  extends="AbstractOrderEntry" 
                  autocreate="false"
				  generate="false">
            <deployment table="CartEntries" typecode="44"/>
            <attributes>
                <attribute qualifier="addonsCartEntry" type="CartEntryAddonsList">
                	<description>Addons added in a Cart</description>
                    <modifiers />
                    <persistence type="property"/>
                </attribute>
            </attributes>
        </itemtype> -->
        
        <!-- <itemtype code="OrderEntry"
                  extends="AbstractOrderEntry"
                  autocreate="false"
                  generate="false">
            <deployment table="OrderEntries" typecode="46" propertytable="OrderEntryProps"/>
            <attributes>
                <attribute qualifier="addonsOrderEntry" type="OrderEntryAddonsList">
                	<description>Addons in a Order</description>
                    <modifiers />
                     <persistence type="property"/>
                </attribute>
            </attributes>
        </itemtype> -->
        
        <itemtype code="AbstractOrderEntry"
                  extends="GenericItem"
                  abstract="true"
                  autocreate="false"
                  generate="false">
            <attributes>
                <attribute qualifier="selectedAddons" type="selectedAddonsList">
                	<description>Selected addons</description>
                    <modifiers />
                     <persistence type="property"/>
                </attribute>
            </attributes>
        </itemtype> 

	<!-- Added for Product coming soon-->
	<itemtype code="Product" extends="GenericItem" autocreate="false"
		generate="false">
		<attributes>
			<attribute qualifier="isCommingSoon" type="java.lang.Boolean">
				<description>Comming Soon Products</description>
				<modifiers />
				<persistence type="property" />
				<!-- <defaultvalue>Boolean.FALSE</defaultvalue> -->
			</attribute>
		</attributes>
	</itemtype>

	
	<!--Added for Notify Customer using this itemType -->
	<itemtype code="ComingSoonNotiFyCustomer" extends="GenericItem" autocreate="true"
		generate="true" jaloclass="com.asianpaints.core.jalo.ComingSoonNotiFyCustomer">
		<deployment table="ComingSoonNotiFyCustomer" typecode="19869"/>
		<attributes>
			<attribute qualifier="notifyFirstName" autocreate="true"
				type="java.lang.String">
				<description>First name of Customer for coming soon Products</description>
				<modifiers />
				<persistence type="property" />
			</attribute>
			<attribute qualifier="notifyLastName" autocreate="true"
				type="java.lang.String">
				<description>Last name of Customer for coming soon Products</description>
				<modifiers />
				<persistence type="property" />
			</attribute>
			<attribute qualifier="notifyEmail" autocreate="true"
				type="java.lang.String">
				<description>Customer Email for coming soon Products</description>
				<modifiers unique="true"/>
				<persistence type="property" />
			</attribute>
			<attribute qualifier="notifyProductCode" autocreate="true"
				type="java.lang.String">
				<description>Product code to notify customer</description>
				<modifiers unique="true"/>
				<persistence type="property" />
			</attribute>
			<attribute qualifier="notifyProductName" autocreate="true"
				type="java.lang.String">
				<description>Product name to notify customer</description>
				<modifiers />
				<persistence type="property" />
			</attribute>
			<attribute qualifier="isExportedCustomer" type="java.lang.Boolean">
				<description>Export Customer details</description>
				<modifiers />
				<persistence type="property" />
				<defaultvalue>java.lang.Boolean.FALSE</defaultvalue>
			</attribute>
		</attributes>
	</itemtype>
	
	<!-- not using this-->
	<itemtype code="NotiFyCustomer" extends="GenericItem" autocreate="true"
		generate="true" jaloclass="com.asianpaints.core.jalo.NotiFyCustomer">
		<deployment table="NotiFyCustomer" typecode="19867"/>
		<attributes>
			<attribute qualifier="notifyFirstName" autocreate="true"
				type="java.lang.String">
				<description>First name of Customer for coming soon Products</description>
				<modifiers />
				<persistence type="property" />
			</attribute>
			<attribute qualifier="notifyLastName" autocreate="true"
				type="java.lang.String">
				<description>Last name of Customer for coming soon Products</description>
				<modifiers />
				<persistence type="property" />
			</attribute>
			<attribute qualifier="notifyEmail" autocreate="true"
				type="java.lang.String">
				<description>Customer Email for coming soon Products</description>
				<modifiers />
				<persistence type="property" />
			</attribute>
			<attribute qualifier="notifyProductCode" autocreate="true"
				type="java.lang.String">
				<description>Product code to notify customer</description>
				<modifiers />
				<persistence type="property" />
			</attribute>
			<attribute qualifier="notifyProductName" autocreate="true"
				type="java.lang.String">
				<description>Product name to notify customer</description>
				<modifiers />
				<persistence type="property" />
			</attribute>
		</attributes>
	</itemtype>
	<!-- Added for Contact No in customer model  -->
	<itemtype code="Customer" extends="User" autocreate="false" generate="false">
            <attributes>
                <attribute qualifier="contactNo" type="java.lang.String">
                	<modifiers />
                    <persistence type="property"/>
                </attribute>
                 <attribute qualifier="DOB" type="java.util.Date">
                	<modifiers />
                    <persistence type="property"/>
                </attribute>
                <attribute autocreate="true" qualifier="availableCreditPoints" type="java.lang.Double">
					<modifiers optional="false" />
					<persistence type="property" />
					<description>It holds information about customer creditPoints.</description>
				</attribute>
            </attributes>
        </itemtype>
        
        <!-- Added for Credit Points -->
        
        <!-- <itemtype code="Customer" autocreate="false" generate="false">
			<description>Extending Customer type with additional attributes. </description>
			<attributes>
				<attribute autocreate="true" qualifier="availableCreditPoints" type="java.lang.Double">
					<modifiers optional="false" />
					<persistence type="property" />
					<description>It holds information about customer creditPoints.</description>
				</attribute>
			</attributes>
		</itemtype> -->
		
		<itemtype code="Cart" autocreate="false" generate="false">
   			 <description>Extending Cart type with additional attributes for credit points functionality</description>
   			 <attributes>
     			 <attribute autocreate="true" qualifier="eligibleCreditPoints"  type="java.lang.Double">
        			<modifiers optional="true" />
      				<persistence type="property" />
        			<description>It holds information about customer creditPoints. </description>
      			</attribute>
    		</attributes>
  		</itemtype>	
  		
		<itemtype code="Order" autocreate="false" generate="false">
    		<description>Extending Order type with additional attributes.</description>
      		<attributes>
        		<attribute qualifier="usedCreditPoints" type="java.lang.Double">
        			<description>Used Credit Points</description>
        			<persistence type="property" />
      			</attribute>	
     		</attributes>				
  		</itemtype>
        
</typegroup>
		
		
		
		<!--Added End  -->
		<typegroup name="Electronics">
			<itemtype code="ElectronicsColorVariantProduct" extends="VariantProduct"
          autocreate="true" generate="true"
          jaloclass="com.asianpaints.core.jalo.ElectronicsColorVariantProduct">
				 <description>Electronics color variant type that contains additional attribute describing variant color.
				</description>
				<attributes>
					<attribute qualifier="color" type="localized:java.lang.String"
					           metatype="VariantAttributeDescriptor">
						<description>Color of the product.</description>
						<modifiers/>
						<persistence type="property"/>
					</attribute>
				</attributes>
			</itemtype>
		</typegroup>

	</itemtypes>
</items>
