<?xml version="1.0" encoding="UTF-8"?>
<!--
 [y] hybris Platform

 Copyright (c) 2000-2015 hybris AG
 All rights reserved.

 This software is the confidential and proprietary information of hybris
 ("Confidential Information"). You shall not disclose such Confidential
 Information and shall use it only in accordance with the terms of the
 license agreement you entered into with hybris.
-->

<beans xmlns="http://www.springframework.org/schema/beans"
       xmlns:xsi="http://www.w3.org/2001/XMLSchema-instance"
       xmlns:context="http://www.springframework.org/schema/context"
       xsi:schemaLocation="http://www.springframework.org/schema/beans 
       http://www.springframework.org/schema/beans/spring-beans.xsd
       http://www.springframework.org/schema/context
           http://www.springframework.org/schema/context/spring-context.xsd">

     <context:annotation-config/> 

	<!-- Spring Integration -->
	<import resource="classpath:/asianpaintscore/integration/hot-folder-store-electronics-spring.xml"/>
	<import resource="classpath:/asianpaintscore/integration/hot-folder-store-apparel-spring.xml"/>
	<import resource="classpath:/asianpaintscore/integration/hot-folder-common-spring.xml"/>

	<!-- SystemSetup for the AsianpaintsCore -->
	<bean id="acceleratorCoreSystemSetup" class="com.asianpaints.core.setup.CoreSystemSetup"
	       parent="abstractCoreSystemSetup"/>

	<!-- Solr field value providers -->
	
	<bean id="volumeAwareProductPriceValueProvider" class="com.asianpaints.core.search.solrfacetsearch.provider.impl.VolumeAwareProductPriceValueProvider"  parent="abstractPropertyFieldValueProvider">
        <property name="fieldNameProvider" ref="solrFieldNameProvider"/>
        <property name="priceService" ref="priceService"/>
        <property name="commonI18NService" ref="commonI18NService"/>
        <property name="sessionService" ref="sessionService"/>
        <property name="userService" ref="userService"/>
        <property name="priceComparator" ref="volumePriceComparator"/>
        <property name="catalogVersionService" ref="catalogVersionService"/>
    </bean>

    <bean id="volumePriceComparator" class="com.asianpaints.core.comparators.VolumeAwarePriceInformationComparator" scope="singleton"/>

    <bean id="productVolumePricesProvider" class="com.asianpaints.core.search.solrfacetsearch.provider.impl.ProductVolumePricesProvider"  parent="abstractPropertyFieldValueProvider">
        <property name="fieldNameProvider" ref="solrFieldNameProvider"/>
        <property name="priceService" ref="priceService"/>
    </bean>
	

	<bean id="electronicsCategorySource" parent="abstractCategorySource">
		<property name="rootCategory" value="1"/>
		<!-- '1' is the root icecat category -->
	</bean>
	<bean id="electronicsBrandCategorySource" parent="abstractCategorySource">
		<property name="rootCategory" value="brands"/>
		<!-- 'brands' is the root of the brands hierarchy -->
	</bean>

	<bean id="apparelCategorySource" parent="abstractCategorySource">
		<property name="rootCategory" value="categories"/>
		<!-- 'categories' is the root apparel category -->
	</bean>
	<bean id="apparelBrandCategorySource" parent="abstractCategorySource">
		<property name="rootCategory" value="brands"/>
		<!-- 'brands' is the root of the brands hierarchy -->
	</bean>
	<bean id="apparelCollectionCategorySource" parent="abstractCategorySource">
		<property name="rootCategory" value="collections"/> <!-- 'collections' is the root of the collections hierarchy -->
	</bean>

	<bean id="abstractCategoryCodeValueProvider" abstract="true"
	      class="de.hybris.platform.commerceservices.search.solrfacetsearch.provider.impl.CategoryCodeValueProvider"
	      parent="abstractPropertyFieldValueProvider" >
		<property name="fieldNameProvider" ref="solrFieldNameProvider"/>
		<property name="commonI18NService" ref="commonI18NService"/>
	</bean>
	<bean id="abstractCategoryNameValueProvider" abstract="true"
	      class="de.hybris.platform.commerceservices.search.solrfacetsearch.provider.impl.CategoryNameValueProvider"
	      parent="abstractPropertyFieldValueProvider" >
		<property name="fieldNameProvider" ref="solrFieldNameProvider"/>
		<property name="commonI18NService" ref="commonI18NService"/>
	</bean>

	<bean id="electronicsCategoryCodeValueProvider" parent="abstractCategoryCodeValueProvider">
		<property name="categorySource" ref="electronicsCategorySource"/>
	</bean>
	<bean id="electronicsBrandCategoryCodeValueProvider" parent="abstractCategoryCodeValueProvider">
		<property name="categorySource" ref="electronicsBrandCategorySource"/>
	</bean>
	<bean id="electronicsCategoryNameValueProvider" parent="abstractCategoryNameValueProvider">
		<property name="categorySource" ref="electronicsCategorySource"/>
	</bean>
	<bean id="electronicsBrandCategoryNameValueProvider" parent="abstractCategoryNameValueProvider">
		<property name="categorySource" ref="electronicsBrandCategorySource"/>
	</bean>

	<bean id="apparelCategoryCodeValueProvider" parent="abstractCategoryCodeValueProvider">
		<property name="categorySource" ref="apparelCategorySource"/>
	</bean>
	<bean id="apparelBrandCategoryCodeValueProvider" parent="abstractCategoryCodeValueProvider">
		<property name="categorySource" ref="apparelBrandCategorySource"/>
	</bean>
	<bean id="apparelCollectionCategoryCodeValueProvider" parent="abstractCategoryCodeValueProvider">
		<property name="categorySource" ref="apparelCollectionCategorySource"/>
	</bean>
	<bean id="apparelCategoryNameValueProvider" parent="abstractCategoryNameValueProvider">
		<property name="categorySource" ref="apparelCategorySource"/>
	</bean>
	<bean id="apparelBrandCategoryNameValueProvider" parent="abstractCategoryNameValueProvider">
		<property name="categorySource" ref="apparelBrandCategorySource"/>
	</bean>
	<bean id="apparelCollectionCategoryNameValueProvider" parent="abstractCategoryNameValueProvider">
		<property name="categorySource" ref="apparelCollectionCategorySource"/>
	</bean>

	<bean id="image515ValueProvider" parent="abstractImageValueProvider" >
		<property name="mediaFormat" value="515Wx515H"/>
	</bean>
	<bean id="image300ValueProvider" parent="abstractImageValueProvider" >
		<property name="mediaFormat" value="300Wx300H"/>
	</bean>
	<bean id="image96ValueProvider" parent="abstractImageValueProvider" >
		<property name="mediaFormat" value="96Wx96H"/>
	</bean>
	<bean id="image65ValueProvider" parent="abstractImageValueProvider" >
		<property name="mediaFormat" value="65Wx65H"/>
	</bean>
	<bean id="image30ValueProvider" parent="abstractImageValueProvider" >
		<property name="mediaFormat" value="30Wx30H"/>
	</bean>

	<bean id="productUrlValueProvider"
	      class="de.hybris.platform.commerceservices.search.solrfacetsearch.provider.impl.ProductUrlValueProvider"
	      parent="abstractPropertyFieldValueProvider" >
		<property name="urlResolver" ref="productModelUrlResolver"/>
		<property name="fieldNameProvider" ref="solrFieldNameProvider"/>
		<property name="i18nService" ref="i18nService"/>
		<property name="commonI18NService" ref="commonI18NService"/>
	</bean>

	<bean id="promotionCodeValueProvider"
	      class="de.hybris.platform.commerceservices.search.solrfacetsearch.provider.impl.PromotionCodeValueProvider"
	      parent="abstractPropertyFieldValueProvider" >
		<property name="promotionsService" ref="promotionsService"/>
		<property name="fieldNameProvider" ref="solrFieldNameProvider"/>
	</bean>

	<bean id="promotionImageValueProvider"
	      class="de.hybris.platform.commerceservices.search.solrfacetsearch.provider.impl.PrimaryPromotionImageValueProvider"
	      parent="abstractPropertyFieldValueProvider" >
		<property name="promotionsService" ref="promotionsService"/>
		<property name="fieldNameProvider" ref="solrFieldNameProvider"/>
	</bean>

	<bean id="colorFacetValueProvider"
	      class="com.asianpaints.core.search.solrfacetsearch.provider.impl.ColorFacetValueProvider"
	       parent="abstractPropertyFieldValueProvider">
		<property name="fieldNameProvider" ref="solrFieldNameProvider"/>
	</bean>

	<bean id="colorFacetDisplayNameProvider"
	      class="com.asianpaints.core.search.solrfacetsearch.provider.impl.ColorFacetDisplayNameProvider"
	      >
		<property name="enumerationService" ref="enumerationService"/>
		<property name="i18nService" ref="i18nService"/>
		<property name="commonI18NService" ref="commonI18NService"/>
	</bean>
	
	<bean id="apparelPointOfServiceFacetDisplayNameProvider"
	      class="com.asianpaints.core.search.solrfacetsearch.provider.impl.PointOfServiceFacetDisplayNameProvider"
	      >
		<property name="pointOfServiceService" ref="pointOfServiceService"/>
	</bean>
	
	<bean id="electronicsPointOfServiceFacetDisplayNameProvider"
	      class="com.asianpaints.core.search.solrfacetsearch.provider.impl.PointOfServiceFacetDisplayNameProvider"
	      >
		<property name="pointOfServiceService" ref="pointOfServiceService"/>
	</bean>
	
	<!-- added Start-->
	<bean id="asianpaintsPointOfServiceFacetDisplayNameProvider"
   	 	class="com.asianpaints.core.search.solrfacetsearch.provider.impl.PointOfServiceFacetDisplayNameProvider">
    	<property name="pointOfServiceService" ref="pointOfServiceService" />
	</bean>
	<!-- added End-->
	
	
	<bean id="genderValueProvider"
	      class="com.asianpaints.core.search.solrfacetsearch.provider.impl.GenderValueProvider"
	       parent="abstractPropertyFieldValueProvider">
		<property name="fieldNameProvider" ref="solrFieldNameProvider"/>
	</bean>

	<bean id="genderFacetDisplayNameProvider"
	      class="com.asianpaints.core.search.solrfacetsearch.provider.impl.GenderFacetDisplayNameProvider"
	      >
		<property name="enumerationService" ref="enumerationService"/>
		<property name="i18nService" ref="i18nService"/>
		<property name="commonI18NService" ref="commonI18NService"/>
	</bean>

	<!--
		Event listeners are singletons, therefore the dependency for a bean in tenant-scope
		must be configured with a lookup method.
	-->
	<bean id="orderCancelledEventListener"
	      class="com.asianpaints.core.event.OrderCancelledEventListener" parent="abstractSiteEventListener">
		<property name="modelService" ref="modelService"/>
		<property name="businessProcessService" ref="businessProcessService"/>
	</bean>
	<bean id="orderRefundEventListener"
	      class="com.asianpaints.core.event.OrderRefundEventListener" parent="abstractSiteEventListener">
		<property name="modelService" ref="modelService"/>
		<property name="businessProcessService" ref="businessProcessService"/>
	</bean>
	<bean id="customerRegistrationEventListener"
	      class="com.asianpaints.core.event.RegistrationEventListener" parent="abstractSiteEventListener">
		<property name="modelService" ref="modelService"/>
		<property name="businessProcessService" ref="businessProcessService"/>
	</bean>
	<bean id="forgottenPasswordEventListener"
	      class="com.asianpaints.core.event.ForgottenPasswordEventListener" parent="abstractSiteEventListener">
		<property name="modelService" ref="modelService"/>
		<property name="businessProcessService" ref="businessProcessService"/>
	</bean>
	<bean id="submitOrderEventListener" class="com.asianpaints.core.event.SubmitOrderEventListener" parent="abstractSiteEventListener">
		<property name="businessProcessService" ref="businessProcessService"/>
		<property name="modelService" ref="modelService"/>
		<property name="baseStoreService" ref="baseStoreService"/>
	</bean>
	<bean id="orderConfirmationEventListener"
	      class="com.asianpaints.core.event.OrderConfirmationEventListener" parent="abstractSiteEventListener">
		<property name="modelService" ref="modelService"/>
		<property name="businessProcessService" ref="businessProcessService"/>
	</bean>
	<bean id="sendDeliveryMessageEventListener"
	      class="com.asianpaints.core.event.SendDeliveryMessageEventListener" parent="abstractEventListener">
		<property name="modelService" ref="modelService"/>
		<property name="businessProcessService" ref="businessProcessService"/>
	</bean>
	<bean id="sendReadyForPickupMessageEventListener"
	      class="com.asianpaints.core.event.SendReadyForPickupMessageEventListener" parent="abstractEventListener">
		<property name="modelService" ref="modelService"/>
		<property name="businessProcessService" ref="businessProcessService"/>
	</bean>
	<bean id="sendOrderPartiallyCanceledMessageEventListener"
	      class="com.asianpaints.core.event.SendOrderPartiallyCanceledMessageEventListener" parent="abstractEventListener">
		<property name="modelService" ref="modelService"/>
		<property name="businessProcessService" ref="businessProcessService"/>
	</bean>
	<bean id="sendOrderPartiallyRefundedMessageEventListener"
	      class="com.asianpaints.core.event.SendOrderPartiallyRefundedMessageEventListener" parent="abstractEventListener">
		<property name="modelService" ref="modelService"/>
		<property name="businessProcessService" ref="businessProcessService"/>
	</bean>
	<bean id="sendNotPickedUpConsignmentCanceledMessageEventListener"
	      class="com.asianpaints.core.event.SendNotPickedUpConsignmentCanceledMessageEventListener" parent="abstractEventListener">
		<property name="modelService" ref="modelService"/>
		<property name="businessProcessService" ref="businessProcessService"/>
	</bean>
	<bean id="orderCompletedEventListener" class="com.asianpaints.core.event.OrderCompletedEventListener" parent="abstractSiteEventListener">
		<property name="modelService" ref="modelService"/>
		<property name="businessProcessService" ref="businessProcessService"/>
	</bean>

	<!-- Process resources definition -->

	<bean id="customerRegistrationEmailProcessDefinitionResource"
	      class="de.hybris.platform.processengine.definition.ProcessDefinitionResource" >
		<property name="resource" value="classpath:/asianpaintscore/processes/customerRegistrationEmailProcess.xml"/>
	</bean>
	<bean id="forgottenPasswordEmailProcessDefinitionResource"
	      class="de.hybris.platform.processengine.definition.ProcessDefinitionResource" >
		<property name="resource" value="classpath:/asianpaintscore/processes/forgottenPasswordEmailProcess.xml"/>
	</bean>
	<bean id="orderConfirmationEmailProcessDefinitionResource"
	      class="de.hybris.platform.processengine.definition.ProcessDefinitionResource" >
		<property name="resource" value="classpath:/asianpaintscore/processes/orderConfirmationEmailProcess.xml"/>
	</bean>
	<bean id="sendDeliveryEmailProcessDefinitionResource"
	      class="de.hybris.platform.processengine.definition.ProcessDefinitionResource" >
		<property name="resource" value="classpath:/asianpaintscore/processes/sendDeliveryEmailProcess.xml"/>
	</bean>
	<bean id="sendReadyForPickupEmailProcessDefinitionResource"
	      class="de.hybris.platform.processengine.definition.ProcessDefinitionResource" >
		<property name="resource" value="classpath:/asianpaintscore/processes/sendReadyForPickupEmailProcess.xml"/>
	</bean>
	<bean id="sendOrderCancelledEmailProcessDefinitionResource"
	      class="de.hybris.platform.processengine.definition.ProcessDefinitionResource" >
		<property name="resource" value="classpath:/asianpaintscore/processes/sendOrderCancelledEmailProcess.xml"/>
	</bean>
	<bean id="sendOrderRefundEmailProcessDefinitionResource"
	      class="de.hybris.platform.processengine.definition.ProcessDefinitionResource" >
		<property name="resource" value="classpath:/asianpaintscore/processes/sendOrderRefundEmailProcess.xml"/>
	</bean>
	<bean id="sendOrderPartiallyCanceledEmailProcessDefinitionResource"
	      class="de.hybris.platform.processengine.definition.ProcessDefinitionResource" >
		<property name="resource" value="classpath:/asianpaintscore/processes/sendOrderPartiallyCanceledEmailProcess.xml"/>
	</bean>
	<bean id="sendOrderPartiallyRefundedEmailProcessDefinitionResource"
	      class="de.hybris.platform.processengine.definition.ProcessDefinitionResource" >
		<property name="resource" value="classpath:/asianpaintscore/processes/sendOrderPartiallyRefundedEmailProcess.xml"/>
	</bean>
	<bean id="sendNotPickedUpConsignmentCanceledEmailProcessDefinitionResource"
	      class="de.hybris.platform.processengine.definition.ProcessDefinitionResource" >
		<property name="resource" value="classpath:/asianpaintscore/processes/sendNotPickedUpConsignmentCanceledEmailProcess.xml"/>
	</bean>

	<!-- Actions -->
	<bean id="abstractAction" class="de.hybris.platform.processengine.action.AbstractAction"
	      abstract="true">
		<property name="modelService" ref="modelService"/>
		<property name="processParameterHelper" ref="processParameterHelper"/>
	</bean>

	<bean id="sendEmail" class="de.hybris.platform.acceleratorservices.process.email.actions.SendEmailAction"
	       parent="abstractAction">
		<property name="emailService" ref="emailService"/>
	</bean>

	<bean id="abstractGenerateEmailAction" class="de.hybris.platform.acceleratorservices.process.email.actions.GenerateEmailAction"
	      parent="abstractAction" abstract="true">
		<property name="modelService" ref="modelService"/>
		<property name="cmsEmailPageService" ref="cmsEmailPageService"/>
		<property name="contextResolutionStrategy" ref="processContextResolutionStrategy"/>
		<property name="emailGenerationService" ref="emailGenerationService"/>
	</bean>

	<bean id="generateCustomerRegistrationEmail" parent="abstractGenerateEmailAction">
		<property name="frontendTemplateName" value="CustomerRegistrationEmailTemplate"/>
	</bean>

	<bean id="generateForgottenPasswordEmail" parent="abstractGenerateEmailAction">
		<property name="frontendTemplateName" value="ForgottenPasswordEmailTemplate"/>
	</bean>

	<bean id="generateOrderConfirmationEmail" parent="abstractGenerateEmailAction">
		<property name="frontendTemplateName" value="OrderConfirmationEmailTemplate"/>
	</bean>
	
	<bean id="generateDeliverySentEmail" parent="abstractGenerateEmailAction">
		<property name="frontendTemplateName" value="DeliverySentEmailTemplate"/>
	</bean>

	<bean id="generateReadyForPickupEmail" parent="abstractGenerateEmailAction">
		<property name="frontendTemplateName" value="ReadyForPickupEmailTemplate"/>
	</bean>
	
	<bean id="generateOrderCancelledEmail" parent="abstractGenerateEmailAction">
		<property name="frontendTemplateName" value="OrderCancelledEmailTemplate"/>
	</bean>
	
	<bean id="generateOrderRefundEmail" parent="abstractGenerateEmailAction">
		<property name="frontendTemplateName" value="OrderRefundEmailTemplate"/>
	</bean>

	<bean id="generateOrderPartiallyCanceledEmail" parent="abstractGenerateEmailAction">
		<property name="frontendTemplateName" value="OrderPartiallyCanceledEmailTemplate"/>
	</bean>
	<bean id="generateOrderPartiallyRefundedEmail" parent="abstractGenerateEmailAction">
		<property name="frontendTemplateName" value="OrderPartiallyRefundedEmailTemplate"/>
	</bean>
	<bean id="generateNotPickedUpConsignmentCanceledEmail" parent="abstractGenerateEmailAction">
		<property name="frontendTemplateName" value="NotPickedUpConsignmentCanceledEmailTemplate"/>
	</bean>

	<bean id="removeSentEmail"
	      class="de.hybris.platform.acceleratorservices.process.email.actions.RemoveSentEmailAction"
	      parent="abstractAction">
		<property name="modelService" ref="modelService"/>
	</bean>

	<!-- Simple Suggestion Service -->
	<alias alias="simpleSuggestionService" name="defaultSimpleSuggestionService"/>
	<bean id="defaultSimpleSuggestionService"
	      class="com.asianpaints.core.suggestion.impl.DefaultSimpleSuggestionService" >
		<property name="simpleSuggestionDao" ref="simpleSuggestionDao"/>
	</bean>
	<alias alias="simpleSuggestionDao" name="defaultSimpleSuggestionDao"/>
	<bean id="defaultSimpleSuggestionDao"
	      class="com.asianpaints.core.suggestion.dao.impl.DefaultSimpleSuggestionDao"
	      parent="abstractItemDao" >
		<property name="flexibleSearchService" ref="flexibleSearchService"/>
	</bean>

	<bean id="mccSiteUrlHelper" class="com.asianpaints.core.util.MccSiteUrlHelper" >
		<property name="siteBaseUrlResolutionService" ref="siteBaseUrlResolutionService"/>
		<property name="cmsSiteService" ref="cmsSiteService"/>
	</bean>


	<!-- checkout flow configuration -->
	
	<bean id="pickUpInStoreCheckoutFlowStrategy" class="com.asianpaints.core.checkout.flow.impl.PickUpInStoreCheckoutFlowStrategy" >
		<property name="pickupStrategy" ref="pickupStrategy" />
		<property name="defaultStrategy" ref="siteCheckoutFlowStrategy"/>
		<property name="multiStepCheckoutFlowStrategy" ref="multiStepCheckoutFlowStrategy" />
	</bean>	

	<bean id="siteCheckoutFlowStrategy"
	      class="com.asianpaints.core.checkout.flow.impl.SiteCheckoutFlowStrategy" >
		<!-- This strategy looks up a strategy based on the current site UID -->
		<property name="cmsSiteService" ref="cmsSiteService"/>
		<property name="siteMappings">
			<map>
				<entry key="electronics" value-ref="newCustomerCheckoutFlowStrategy"/>
				<entry key="apparel-de" value-ref="multiStepCheckoutFlowStrategy"/>
				<entry key="apparel-uk" value-ref="multiStepCheckoutFlowStrategy"/>
				<entry key="powertoolsstore" value-ref="multiStepCheckoutFlowStrategy"/>
			</map>
		</property>
		<!-- Default to SINGLE step checkout -->
		<property name="defaultStrategy" ref="multiStepCheckoutFlowStrategy"/>
	</bean>

	<bean id="newCustomerCheckoutFlowStrategy"
	      class="com.asianpaints.core.checkout.flow.impl.NewCustomerCheckoutFlowStrategy" >
		<!-- This strategy works out if the user has created any data -->
		<property name="userService" ref="userService"/>
		<property name="customerAccountService" ref="customerAccountService"/>
		<property name="defaultStrategy" ref="multiStepCheckoutFlowStrategy"/>
		<property name="newCustomerStrategy" ref="multiStepCheckoutFlowStrategy"/>
	</bean>

	<!-- Product Reference Lookup Strategies-->
	<alias name="apparelCrossSellingProductReferenceTargetStrategy" alias="crossSellingProductReferenceTargetStrategy"/>
	<bean id="apparelCrossSellingProductReferenceTargetStrategy"
	      parent="defaultCrossSellingProductReferenceTargetStrategy">
		<property name="productReferenceTargetStrategies">
			<list merge="true">
				<ref bean="apparelSizeProductReferenceTargetStrategy"/>
			</list>
		</property>
	</bean>

	<bean id="apparelSizeProductReferenceTargetStrategy"
	      class="com.asianpaints.core.strategies.impl.ApparelSizeProductReferenceTargetStrategy">
		<property name="commerceCategoryService" ref="commerceCategoryService"/>
		<property name="rootCategoryCode" value="categories"/>
	</bean>
	<!--added -->
	
	<bean id="asianpaintsCategorySource" parent="abstractCategorySource">
    	<property name="rootCategory" value="1"/>
	</bean>
 
	<bean id="asianpaintsBrandCategorySource" parent="abstractCategorySource">
   		<property name="rootCategory" value="brands"/>
	</bean>
 
	<bean id="asianpaintsCategoryCodeValueProvider" parent="abstractCategoryCodeValueProvider">
    	<property name="categorySource" ref="asianpaintsCategorySource"/>
	</bean>
	<bean id="asianpaintsBrandCategoryCodeValueProvider" parent="abstractCategoryCodeValueProvider">
    	<property name="categorySource" ref="asianpaintsBrandCategorySource"/>
	</bean>
	<bean id="asianpaintsCategoryNameValueProvider" parent="abstractCategoryNameValueProvider">
    	<property name="categorySource" ref="asianpaintsCategorySource"/>
	</bean>
	<bean id="asianpaintsBrandCategoryNameValueProvider" parent="abstractCategoryNameValueProvider">
    	<property name="categorySource" ref="asianpaintsBrandCategorySource"/>
	</bean>
	
	<bean id="defaultProductComingSoonDao" class="com.asianpaints.product.daos.impl.DefaultProductComingSoonDao"/>
	  
	<bean id="defaultProductComingSoonService" class="com.asianpaints.product.impl.DefaultProductComingSoonService">
          <property name="productComingSoonDao" ref="defaultProductComingSoonDao"/>  
    </bean> 
    
    <bean id="exportCustomerJob" class="com.asianpaints.core.customer.export.ExportCustomerJob" parent="abstractJobPerformable"/>
      
</beans>
