<?xml version="1.0" encoding="utf-8"?><testclasses><asianpaintscore><testclass>com.asianpaints.core.suggestion.impl.DefaultSimpleSuggestionServiceTest</testclass><testclass>com.asianpaints.core.checkout.flow.impl.PickUpInStoreCheckoutFlowStrategyTest</testclass><testclass>com.asianpaints.core.checkout.flow.impl.SiteCheckoutFlowStrategyTest</testclass><testclass>com.asianpaints.core.integration.CheckoutWithExternalTaxesIntegrationTest</testclass><testclass>com.asianpaints.core.externaltax.mock.MockCalculateExternalTaxesStrategy</testclass><testclass>com.asianpaints.core.checkout.flow.impl.NewCustomerCheckoutFlowStrategyTest</testclass><testclass>com.asianpaints.core.suggestion.DefaultSimpleSuggestionServiceIntegrationTest</testclass><testclass>com.asianpaints.core.batch.task.BatchIntegrationTest</testclass></asianpaintscore></testclasses>